subject,chapter
geestelijke gezondheidszorg I,kwetsbaarheid
geestelijke gezondheidszorg I,gedragsactivatie en vrijetijd
geestelijke gezondheidszorg I,gedwongen opnamen
geestelijke gezondheidszorg I,EHB geestelijke gezondheidszorg
geestelijke gezondheidszorg I,Herstel en rehabilitatie
geestelijke gezondheidszorg I,Arbeidsrehabilitatie
geestelijke gezondheidszorg I,Casus anna + stigma
geestelijke gezondheidszorg I,Online M. Therapeutische relaties ED
Bewegingsanalyse I,Terminologie
Bewegingsanalyse I,Gewrichten
Bewegingsanalyse I,inleidende begrippen
Bewegingsanalyse I,botten
Bewegingsanalyse I,spierwerk shoulder
Bewegingsanalyse I,Biomechanica
Bewegingsanalyse I,Elleboog voorarm
Bewegingsanalyse I,De pols en de hand
Bewegingsanalyse I,Wercollege
Evidence based I,GEEN LEERSTOF WEL HERWERKEN
Fysieke en geriatrische revalidatie I,inleiding
Fysieke en geriatrische revalidatie I,reumatische aandoeningen van de lumbale wervelkolom
Fysieke en geriatrische revalidatie I,G. Z. en revalidatie
Fysieke en geriatrische revalidatie I,locomotorische problemen en valpreventie
Fysieke en geriatrische revalidatie I,problemen heup en knie
Fysieke en geriatrische revalidatie I,schouderproblematiek
Fysieke en geriatrische revalidatie I,coma
Fysieke en geriatrische revalidatie I,dwarslesie
Fysieke en geriatrische revalidatie I,multescelerose
Fysieke en geriatrische revalidatie I,afloter
Fysieke en geriatrische revalidatie I,open en gesloten ketens
Ontwikkelingsdysfunctie II,schrijven en schriftmotoriek (let op groot hoofdstuk)
Ontwikkelingsdysfunctie II,rekenen en rekenstoornissen
Ontwikkelingsdysfunctie II,andere assessment
geestelijke gezondheidszorg II,De rol van de ergotherapeut
geestelijke gezondheidszorg II,De waarde van een activiteit
geestelijke gezondheidszorg II,patiëntenrechten
geestelijke gezondheidszorg II,executieve functies
geestelijke gezondheidszorg II,herstel en rehabilitatie
geestelijke gezondheidszorg II,ergotherapie in revalidatiecentrum
geestelijke gezondheidszorg II,probleeminventarisatie en assesme
geestelijke gezondheidszorg II,opstellen van een behandelplan
geestelijke gezondheidszorg II,referentiekaders en behandelmethoden
geestelijke gezondheidszorg II,ergotherapie methodiek en groepsdynam
geestelijke gezondheidszorg II,extra ergotherapeutische modellen
fysische en geriatrische revalidatie II,NAH
fysische en geriatrische revalidatie II,primaire neurocognitische stoornissen
fysische en geriatrische revalidatie II,afasie – apraxie – necelect
fysische en geriatrische revalidatie II,gnosie + amnesie + aandacht en exutieve functies
fysische en geriatrische revalidatie II,gebruik van de arm en hand in het dagelijks leven
fysische en geriatrische revalidatie II,bijkomende problemen
fysische en geriatrische revalidatie II,neuropsychologische functies
fysische en geriatrische revalidatie II,bobath
fysische en geriatrische revalidatie II,neurodevelopment
fysische en geriatrische revalidatie II,gebruik van de arm en hand in het dagelijks leven
fysische en geriatrische revalidatie II,panat
fysische en geriatrische revalidatie II,"testen, spiegelen, mental practice"
fysische en geriatrische revalidatie II,mobilisatietechnieken
fysische en geriatrische revalidatie II,klinische en neurologische testonderzoeken
Humana biologie C,het ademhalingstelsel
Humana biologie C,uitscheidingsstelsel
Humana biologie C,incontinentie bij ouderen
Humana biologie C,spijsvertering
Humana biologie C,zenuwstelsel
Humana biologie C,het endocrienstelsel
Humana biologie C,de huid en de brandwonden
